{
    "0": {
        "exposure": 0.1723938223938224,
        "contrast": -24.45173745173745,
        "highlights": -97.18532818532819,
        "shadows": 1.5598455598455598,
        "whites": -9.03088803088803,
        "blacks": -52.54826254826255,
        "texture": -16.81081081081081,
        "clarity": -8.687258687258687,
        "dehaze": 0.0,
        "vibrance": 0.0,
        "saturation": 15.0,
        "temp": 5961.467181467181,
        "tint": -1.471042471042471,
        "sharpen_amount": 49.034749034749034,
        "sharpen_radius": 0.5193050193050193,
        "sharpen_detail": 34.61389961389961,
        "sharpen_masking": 0.0,
        "nr_luminance": 0.0,
        "nr_detail": 50.0,
        "nr_color": 25.0,
        "vignette": 0.0,
        "grain": 1.9691119691119692,
        "shadow_tint": 0.0,
        "red_primary_hue": 44.22393822393823,
        "red_primary_saturation": -37.49420849420849,
        "green_primary_hue": 90.37065637065638,
        "green_primary_saturation": 9.613899613899614,
        "blue_primary_hue": -0.9613899613899614,
        "blue_primary_saturation": 5.768339768339768,
        "hsl_red_hue": -26.0,
        "hsl_red_saturation": -13.0,
        "hsl_red_luminance": -8.0,
        "hsl_orange_hue": -1.0,
        "hsl_orange_saturation": -8.0,
        "hsl_orange_luminance": -6.0,
        "hsl_yellow_hue": -2.0,
        "hsl_yellow_saturation": 0.0,
        "hsl_yellow_luminance": 0.0,
        "hsl_green_hue": 5.0,
        "hsl_green_saturation": -20.0,
        "hsl_green_luminance": 0.0,
        "hsl_aqua_hue": 13.0,
        "hsl_aqua_saturation": 8.0,
        "hsl_aqua_luminance": -10.0,
        "hsl_blue_hue": 10.0,
        "hsl_blue_saturation": -21.0,
        "hsl_blue_luminance": -23.0,
        "hsl_purple_hue": -5.0,
        "hsl_purple_saturation": -10.0,
        "hsl_purple_luminance": -17.0,
        "hsl_magenta_hue": 0.0,
        "hsl_magenta_saturation": 0.0,
        "hsl_magenta_luminance": 0.0,
        "split_highlight_hue": 52.87644787644788,
        "split_highlight_saturation": 0.0,
        "split_shadow_hue": 223.04247104247105,
        "split_shadow_saturation": 19.227799227799228,
        "split_balance": 91.33204633204633
    }
}