{
    "0": {
        "exposure": 0.370911528150134,
        "contrast": -14.292225201072386,
        "highlights": -84.50134048257372,
        "shadows": 29.86058981233244,
        "whites": 11.788203753351207,
        "blacks": -51.715817694369974,
        "texture": -0.06970509383378017,
        "clarity": -3.6193029490616624,
        "dehaze": 0.4128686327077748,
        "vibrance": 6.514745308310992,
        "saturation": 13.380697050938338,
        "temp": 5788.635388739946,
        "tint": 7.520107238605898,
        "sharpen_amount": 48.597855227882036,
        "sharpen_radius": 0.5324396782841823,
        "sharpen_detail": 34.41018766756032,
        "sharpen_masking": 0.0,
        "nr_luminance": 0.0,
        "nr_detail": 50.0,
        "nr_color": 25.0,
        "vignette": -4.434316353887399,
        "grain": 22.439678284182307,
        "shadow_tint": 0.0,
        "red_primary_hue": 37.36729222520107,
        "red_primary_saturation": -31.680965147453083,
        "green_primary_hue": 76.35924932975871,
        "green_primary_saturation": 8.123324396782841,
        "blue_primary_hue": -0.8123324396782842,
        "blue_primary_saturation": 4.873994638069705,
        "hsl_red_hue": -10.745308310991957,
        "hsl_red_saturation": 22.388739946380696,
        "hsl_red_luminance": 5.498659517426273,
        "hsl_orange_hue": -7.6353887399463805,
        "hsl_orange_saturation": 5.726541554959786,
        "hsl_orange_luminance": 5.7962466487935655,
        "hsl_yellow_hue": -4.2117962466487935,
        "hsl_yellow_saturation": 0.0,
        "hsl_yellow_luminance": 0.0,
        "hsl_green_hue": -1.4611260053619304,
        "hsl_green_saturation": -4.343163538873995,
        "hsl_green_luminance": 0.0,
        "hsl_aqua_hue": 10.560321715817695,
        "hsl_aqua_saturation": 17.075067024128685,
        "hsl_aqua_luminance": 4.97319034852547,
        "hsl_blue_hue": 2.3994638069705094,
        "hsl_blue_saturation": -4.378016085790884,
        "hsl_blue_luminance": -9.729222520107239,
        "hsl_purple_hue": 6.514745308310992,
        "hsl_purple_saturation": 8.659517426273458,
        "hsl_purple_luminance": -1.0080428954423593,
        "hsl_magenta_hue": 27.66756032171582,
        "hsl_magenta_saturation": 29.946380697050937,
        "hsl_magenta_luminance": 7.600536193029491,
        "split_highlight_hue": 44.67828418230563,
        "split_highlight_saturation": 0.0,
        "split_shadow_hue": 188.46112600536193,
        "split_shadow_saturation": 16.246648793565683,
        "split_balance": 77.171581769437
    },
    "1": {
        "exposure": 0.9394761904761905,
        "contrast": -10.223809523809523,
        "highlights": -79.41904761904762,
        "shadows": 23.771428571428572,
        "whites": 5.661904761904762,
        "blacks": -41.96666666666667,
        "texture": -2.557142857142857,
        "clarity": -1.1714285714285715,
        "dehaze": 0.047619047619047616,
        "vibrance": 2.4952380952380953,
        "saturation": 13.647619047619047,
        "temp": 3654.4714285714285,
        "tint": 7.566666666666666,
        "sharpen_amount": 46.26190476190476,
        "sharpen_radius": 0.5771428571428572,
        "sharpen_detail": 33.476190476190474,
        "sharpen_masking": 0.0,
        "nr_luminance": 0.19047619047619047,
        "nr_detail": 50.0,
        "nr_color": 25.0,
        "vignette": -0.8476190476190476,
        "grain": 22.728571428571428,
        "shadow_tint": 0.0,
        "red_primary_hue": 33.95238095238095,
        "red_primary_saturation": -28.785714285714285,
        "green_primary_hue": 69.38095238095238,
        "green_primary_saturation": 7.580952380952381,
        "blue_primary_hue": -0.7380952380952381,
        "blue_primary_saturation": 4.523809523809524,
        "hsl_red_hue": -19.666666666666668,
        "hsl_red_saturation": 1.6904761904761905,
        "hsl_red_luminance": -2.2857142857142856,
        "hsl_orange_hue": -3.738095238095238,
        "hsl_orange_saturation": -2.0952380952380953,
        "hsl_orange_luminance": -1.0952380952380953,
        "hsl_yellow_hue": -2.9047619047619047,
        "hsl_yellow_saturation": 0.0,
        "hsl_yellow_luminance": 0.0,
        "hsl_green_hue": 2.6904761904761907,
        "hsl_green_saturation": -13.047619047619047,
        "hsl_green_luminance": 0.0,
        "hsl_aqua_hue": 11.833333333333334,
        "hsl_aqua_saturation": 11.80952380952381,
        "hsl_aqua_luminance": -3.6666666666666665,
        "hsl_blue_hue": 6.714285714285714,
        "hsl_blue_saturation": -13.547619047619047,
        "hsl_blue_luminance": -17.404761904761905,
        "hsl_purple_hue": -0.023809523809523808,
        "hsl_purple_saturation": -2.142857142857143,
        "hsl_purple_luminance": -10.404761904761905,
        "hsl_magenta_hue": 10.666666666666666,
        "hsl_magenta_saturation": 12.571428571428571,
        "hsl_magenta_luminance": 3.238095238095238,
        "split_highlight_hue": 40.333333333333336,
        "split_highlight_saturation": 0.0,
        "split_shadow_hue": 170.97619047619048,
        "split_shadow_saturation": 14.704761904761904,
        "split_balance": 69.66666666666667
    },
    "2": {
        "exposure": 0.7194444444444444,
        "contrast": -5.863636363636363,
        "highlights": -73.26767676767676,
        "shadows": 23.633838383838384,
        "whites": 13.537878787878787,
        "blacks": -43.77777777777778,
        "texture": -1.878787878787879,
        "clarity": 0.9191919191919192,
        "dehaze": 0.12121212121212122,
        "vibrance": 5.7272727272727275,
        "saturation": 12.992424242424242,
        "temp": 4603.810606060606,
        "tint": 5.154040404040404,
        "sharpen_amount": 48.484848484848484,
        "sharpen_radius": 0.532070707070707,
        "sharpen_detail": 34.39393939393939,
        "sharpen_masking": 0.0,
        "nr_luminance": 0.0,
        "nr_detail": 50.0,
        "nr_color": 25.0,
        "vignette": -3.2297979797979797,
        "grain": 27.0,
        "shadow_tint": 0.0,
        "red_primary_hue": 31.13131313131313,
        "red_primary_saturation": -26.393939393939394,
        "green_primary_hue": 63.61616161616162,
        "green_primary_saturation": 6.767676767676767,
        "blue_primary_hue": -0.6767676767676768,
        "blue_primary_saturation": 4.0606060606060606,
        "hsl_red_hue": -8.232323232323232,
        "hsl_red_saturation": 27.63888888888889,
        "hsl_red_luminance": 7.3106060606060606,
        "hsl_orange_hue": -8.61111111111111,
        "hsl_orange_saturation": 7.373737373737374,
        "hsl_orange_luminance": 7.55050505050505,
        "hsl_yellow_hue": -4.532828282828283,
        "hsl_yellow_saturation": 0.0,
        "hsl_yellow_luminance": 0.0,
        "hsl_green_hue": -3.2196969696969697,
        "hsl_green_saturation": -2.7777777777777777,
        "hsl_green_luminance": 0.0,
        "hsl_aqua_hue": 10.366161616161616,
        "hsl_aqua_saturation": 18.194444444444443,
        "hsl_aqua_luminance": 7.007575757575758,
        "hsl_blue_hue": 1.452020202020202,
        "hsl_blue_saturation": -2.8661616161616164,
        "hsl_blue_luminance": -7.7146464646464645,
        "hsl_purple_hue": 7.828282828282828,
        "hsl_purple_saturation": 11.237373737373737,
        "hsl_purple_luminance": 1.5909090909090908,
        "hsl_magenta_hue": 33.333333333333336,
        "hsl_magenta_saturation": 33.964646464646464,
        "hsl_magenta_luminance": 8.522727272727273,
        "split_highlight_hue": 37.22222222222222,
        "split_highlight_saturation": 0.0,
        "split_shadow_hue": 157.010101010101,
        "split_shadow_saturation": 13.535353535353535,
        "split_balance": 64.29292929292929
    },
    "3": {
        "exposure": 0.37265625,
        "contrast": -19.40625,
        "highlights": -87.5625,
        "shadows": 30.8515625,
        "whites": -2.03125,
        "blacks": -60.8828125,
        "texture": 0.0,
        "clarity": -7.34375,
        "dehaze": 0.1484375,