{
  "train_losses": [
    1.2196415292250145,
    0.9089757155727696,
    1.5967040432466042,
    1.134992544715469,
    1.4961998607661273,
    1.4787312794376064,
    1.5046962370743622,
    1.210567347101263,
    0.748748238022263,
    1.113811128848308,
    1.244987639220985,
    1.0990605628168262,
    0.6870442902719652,
    1.1058098875187539,
    0.8762163697062312,
    0.9737253503219502,
    0.850957840681076,
    0.9315308517700917,
    0.9690152132833326,
    0.7568648610566113,
    1.527958267443889,
    0.9767488144539498
  ],
  "val_losses": [
    255.5286948621273,
    255.53515825271606,
    255.5317094564438,
    255.52358241081237,
    255.51498433351517,
    255.5102154314518,
    255.50097007751464,
    255.50246042609214,
    255.50137509703637,
    255.50582468509674,
    255.51647896766661,
    255.55320072174072,
    255.57594707608223,
    255.59285326898097,
    255.5907230079174,
    255.60956118404866,
    255.64459123909472,
    255.6611146658659,
    255.66748245954514,
    255.6892331957817,
    255.6751123279333,
    255.6896434098482
  ],
  "learning_rates": [
    2.131711505473535e-05,
    2.5254003618379792e-05,
    3.176745456429981e-05,
    4.0785976523336094e-05,
    5.221058257012416e-05,
    6.591587669950883e-05,
    8.175143016792843e-05,
    9.954343259310522e-05,
    0.00011909659968963867,
    0.00014019631670127353,
    0.00016261099400362089,
    0.00018609460902233109,
    0.00021038940656673135,
    0.00023522872794017578,
    0.0002603399377749115,
    0.0002854474164666387,
    0.0003102755853639298,
    0.00033455193150815044,
    0.0003580099987244628,
    0.0003803923122338204,
    0.00040145320468553146,
    0.00042096151259197697
  ]
}